"Guid","AccountId","AssistantName","AssistantPhone","Birthdate","Department","Description","Email","EmailBouncedReason","Fax","FirstName","HomePhone","Jigsaw","Languages__c","LastName","LeadSource","Level__c","MailingCity","MailingCountry","MailingGeocodeAccuracy","MailingLatitude","MailingLongitude","MailingPostalCode","MailingState","MailingStreet","MobilePhone","OtherCity","OtherCountry","OtherGeocodeAccuracy","OtherLatitude","OtherLongitude","OtherPhone","OtherPostalCode","OtherState","OtherStreet","Phone","ReportsToId","Salutation","Title"
01a95281-e717-4f0f-be80-69ddc12cec6a,ff2f3dd8-c5d6-4a5e-8883-4b6647da5775,"#N/A","#N/A",1950-08-17,Executive Team,"#N/A",tripley@uog.com,"#N/A",(650) 450-8820,Tom,"#N/A","#N/A",English,Ripley,Public Relations,Primary,"#N/A","#N/A","#N/A","#N/A","#N/A","#N/A","#N/A","9 Tagore Lane
Singapore, Singapore 787472
Singapore",(650) 345-7636,"#N/A","#N/A","#N/A","#N/A","#N/A","#N/A","#N/A","#N/A","#N/A",(650) 450-8810,"#N/A",Mr.,Regional General Manager
161e3a92-3ae4-4542-863d-dbf8626a0e43,2a19f952-4fc2-4e2a-8829-be8b5f0addc8,"#N/A","#N/A",1942-05-04,Technology,"#N/A",efrank@genepoint.com,"#N/A",(650) 867-9895,Edna,"#N/A","#N/A",English,Frank,Partner,Primary,"#N/A","#N/A","#N/A","#N/A","#N/A","#N/A","#N/A","345 Shoreline Park
Mountain View, CA 94043
USA",(650) 867-7686,"#N/A","#N/A","#N/A","#N/A","#N/A","#N/A","#N/A","#N/A","#N/A",(650) 867-3450,"#N/A",Ms.,"VP, Technology"
23b0dbfb-8291-48e1-86a9-ca51c4056896,b55b5687-1a9a-4e45-abd8-bfe35ec54592,"#N/A","#N/A",1946-11-20,Finance,"#N/A",sean@edge.com,"#N/A",(512) 757-9000,Sean,"#N/A","#N/A",English,Forbes,Trade Show,Secondary,"#N/A","#N/A","#N/A","#N/A","#N/A","#N/A","#N/A","312 Constitution Place
Austin, TX 78767
USA",(512) 757-4561,"#N/A","#N/A","#N/A","#N/A","#N/A","#N/A","#N/A","#N/A","#N/A",(512) 757-6000,"#N/A",Mr.,CFO
2bb980ec-9925-4f1c-a2c4-18c240cce8fd,"#N/A",vghvhg,564544545646,2020-07-09,Testdeoart,"#N/A",vishnu@gmail.com,"#N/A",215165165564,Vishnu,656465456456456,"#N/A","#N/A",Singh,Word of mouth,"#N/A",Jaipur,India,"#N/A","#N/A","#N/A",302020,rajasthan,Kalyan,(755) 456-8798,"#N/A","#N/A","#N/A","#N/A","#N/A",554544,"#N/A","#N/A","#N/A",(965) 325-6897,"#N/A","#N/A",Manwild
34593407-e0d2-4d03-ace5-39c1b34b47b4,87f5e857-69b1-4726-b28b-07a4849df12f,Audrey Haynes,(212) 842-5589,1943-06-15,Production,"#N/A",spavlova@uog.com,"#N/A",(212) 842-5501,Stella,"#N/A","#N/A",English,Pavlova,Public Relations,Tertiary,"#N/A","#N/A","#N/A","#N/A","#N/A","#N/A","#N/A","1303 Avenue of the Americas 
New York, NY 10019
USA",(212) 842-5501,"#N/A","#N/A","#N/A","#N/A","#N/A",(212) 842-5543,"#N/A","#N/A","#N/A",(212) 842-5500,"#N/A",Ms.,"SVP, Production"
365f5758-cd4e-415b-a373-91080b8ba6aa,a475ca52-1054-4fe3-9624-9a19cf4f75e0,vghvhg,564544545646,2020-07-09,Testdeoart,"#N/A",vishnu@gmail.com,"#N/A",215165165564,Vishnu,656465456456456,"#N/A","#N/A",Singh,Word of mouth,"#N/A",Jaipur,India,"#N/A","#N/A","#N/A",302020,rajasthan,Kalyan,(755) 456-8798,"#N/A","#N/A","#N/A","#N/A","#N/A",554544,"#N/A","#N/A","#N/A",(965) 325-6897,"#N/A","#N/A",Manwild
3ecd4db5-609c-4bcb-bc0c-e125f6382e3c,8684f473-e0ea-498e-ba39-5d90e60cacf7,"#N/A","#N/A","#N/A","#N/A","#N/A",jrogers@burlington.com,"#N/A",(336) 222-8000,Jack,"#N/A","#N/A","#N/A",Rogers,Web,"#N/A",Burlington,USA,"#N/A","#N/A","#N/A",27215,NC,525 S. Lexington Ave,"#N/A","#N/A","#N/A","#N/A","#N/A","#N/A","#N/A","#N/A","#N/A","#N/A",(336) 222-7000,"#N/A",Mr.,"VP, Facilities"
447a5541-2a17-4e1f-8f0b-b50e0376ef78,8abf4500-27dc-4c12-a077-e5e9006e7973,Ron Sage,(503) 421-6782,1937-01-29,Operations,"#N/A",b.levy@expressl&t.net,"#N/A",(503) 421-7801,Babara,"#N/A","#N/A",English,Levy,Word of mouth,Primary,"#N/A","#N/A","#N/A","#N/A","#N/A","#N/A","#N/A","620 SW 5th Avenue Suite 400
Portland, Oregon 97204
United States",(503) 421-5451,"#N/A","#N/A","#N/A","#N/A","#N/A","#N/A","#N/A","#N/A","#N/A",(503) 421-7800,"#N/A",Ms.,"SVP, Operations"
5f3dbdcf-75f7-4b9b-96c1-d76a34008ef5,8abf4500-27dc-4c12-a077-e5e9006e7973,"#N/A","#N/A",1948-05-25,Warehouse Mgmt,"#N/A",j.davis@expressl&t.net,"#N/A",(503) 421-7801,Josh,"#N/A","#N/A",English,Davis,Word of mouth,Secondary,"#N/A","#N/A","#N/A","#N/A","#N/A","#N/A","#N/A","621 SW 5th Avenue Suite 400
Portland, Oregon 97204
United States",(503) 421-4387,"#N/A","#N/A","#N/A","#N/A","#N/A","#N/A","#N/A","#N/A","#N/A",(503) 421-7800,"#N/A",Mr.,"Director, Warehouse Mgmt"
66bfdf89-6d67-419b-81ec-d85f1547bd53,b55b5687-1a9a-4e45-abd8-bfe35ec54592,"#N/A","#N/A",1968-02-22,Procurement,"#N/A",rose@edge.com,"#N/A",(512) 757-9000,Rose,"#N/A","#N/A",English,Gonzalez,Trade Show,Primary,"#N/A","#N/A","#N/A","#N/A","#N/A","#N/A","#N/A","313 Constitution Place
Austin, TX 78767
USA",(512) 757-9340,"#N/A","#N/A","#N/A","#N/A","#N/A","#N/A","#N/A","#N/A","#N/A",(512) 757-6000,"#N/A",Ms.,"SVP, Procurement"
6af6886b-7262-4c9b-a091-9b96809f9307,87f5e857-69b1-4726-b28b-07a4849df12f,Pat Feinstein,(212) 842-5464,1951-10-11,Executive Team,"#N/A",asong@uog.com,"#N/A",(212) 842-5501,Arthur,"#N/A","#N/A",English,Song,Public Relations,Secondary,"#N/A","#N/A","#N/A","#N/A","#N/A","#N/A","#N/A","1301 Avenue of the Americas 
New York, NY 10019
USA",(212) 842-4535,"#N/A","#N/A","#N/A","#N/A","#N/A","#N/A","#N/A","#N/A","#N/A",(212) 842-5500,"#N/A",Mr.,CEO
718a45f0-1914-4790-8ee2-2671f9fe99f7,87f5e857-69b1-4726-b28b-07a4849df12f,Chris Nobel,(212) 842-5428,1933-09-21,Finance,"#N/A",agreen@uog.com,"#N/A",(212) 842-5501,Avi,"#N/A","#N/A",English,Green,Public Relations,Primary,"#N/A","#N/A","#N/A","#N/A","#N/A","#N/A","#N/A","1302 Avenue of the Americas 
New York, NY 10019
USA",(212) 842-2383,"#N/A","#N/A","#N/A","#N/A","#N/A","#N/A","#N/A","#N/A","#N/A",(212) 842-5500,"#N/A",Mr.,CFO
7bdfa6ad-e287-444a-81a4-1ec272a85928,70d4a5df-6e7b-433f-9bc9-00848556b467,"#N/A","#N/A",1953-10-18,Finance,"#N/A",barr_tim@grandhotels.com,"#N/A",(312) 596-1500,Tim,"#N/A","#N/A",English,Barr,External Referral,Secondary,"#N/A","#N/A","#N/A","#N/A","#N/A","#N/A","#N/A","2335 N. Michigan Avenue, Suite 1500
Chicago, IL 60601, USA",(312) 596-1230,"#N/A","#N/A","#N/A","#N/A","#N/A","#N/A","#N/A","#N/A","#N/A",(312) 596-1000,"#N/A",Mr.,"SVP, Administration and Finance"
93c3d9da-e208-4c7d-abd0-15eb420d2779,f9c85c9e-587c-4411-bb61-98be79f2cbd8,vghvhg,564544545646,2020-07-09,Testdeoart,"#N/A",vishnu@gmail.com,"#N/A",215165165564,Vishnu,656465456456456,"#N/A","#N/A",Singh,Word of mouth,"#N/A",Jaipur,India,"#N/A","#N/A","#N/A",302020,rajasthan,Kalyan,(755) 456-8798,"#N/A","#N/A","#N/A","#N/A","#N/A",554544,"#N/A","#N/A","#N/A",(965) 325-6897,"#N/A","#N/A",Manwild
9b8ade4d-f068-48d8-8242-66ad58bd4a4d,ff2f3dd8-c5d6-4a5e-8883-4b6647da5775,"#N/A","#N/A",1961-11-27,Production,"#N/A",ldcruz@uog.com,"#N/A",(650) 450-8820,Liz,"#N/A","#N/A",English,D'Cruz,Public Relations,Secondary,"#N/A","#N/A","#N/A","#N/A","#N/A","#N/A","#N/A","10 Tagore Lane
Singapore, Singapore 787472
Singapore",(650) 345-6637,"#N/A","#N/A","#N/A","#N/A","#N/A","#N/A","#N/A","#N/A","#N/A",(650) 450-8810,"#N/A",Ms.,"VP, Production"
a640bd35-6c62-4df7-a838-d52f5e9c8265,4a6755a6-f628-4f92-a109-dfd1c824057b,vghvhg,564544545646,2020-07-09,Testdeoart,"#N/A",vishnu@gmail.com,"#N/A",215165165564,Vishnu,656465456456456,"#N/A","#N/A",Singh,Word of mouth,"#N/A",Jaipur,India,"#N/A","#N/A","#N/A",302020,rajasthan,Kalyan,(755) 456-8798,"#N/A","#N/A","#N/A","#N/A","#N/A",554544,"#N/A","#N/A","#N/A",(965) 325-6897,"#N/A","#N/A",Manwild
a86ef5f9-3f2e-485a-9122-8752df84b4b3,fa01aa0e-e526-4776-9d5c-850a8e84c05a,Jean Marie,(014) 427-4465,"#N/A",Finance,"#N/A",pat@pyramid.net,"#N/A",(014) 427-4428,Pat,"#N/A","#N/A","French, English",Stumuller,"#N/A",Primary,Paris,France,"#N/A","#N/A","#N/A",75251,"#N/A",2 Place Jussieu,(014) 454-6364,Paris,France,"#N/A","#N/A","#N/A","#N/A",75251,"#N/A",2 Place Jussieu,(014) 427-4427,"#N/A",Ms.,"SVP, Administration and Finance"
c45dee7c-9223-45a7-ac7e-af9cfe3ce109,87f5e857-69b1-4726-b28b-07a4849df12f,"#N/A","#N/A",1960-07-28,Technology,"#N/A",lboyle@uog.com,"#N/A",(212) 842-5501,Lauren,"#N/A","#N/A",English,Boyle,Public Relations,Secondary,"#N/A","#N/A","#N/A","#N/A","#N/A","#N/A","#N/A","1304 Avenue of the Americas 
New York, NY 10019
USA",(212) 842-5611,"#N/A","#N/A","#N/A","#N/A","#N/A","#N/A","#N/A","#N/A","#N/A",(212) 842-5500,"#N/A",Ms.,"SVP, Technology"
c647dcae-1325-47cd-bbb6-1403090ac18b,f226eaf8-ab4d-4e54-8ee7-a08ab09d59f6,vghvhg,564544545646,2020-07-09,Testdeoart,"#N/A",vishnu@gmail.com,"#N/A",215165165564,Vishnu,656465456456456,"#N/A","#N/A",Singh,Word of mouth,"#N/A",Jaipur,India,"#N/A","#N/A","#N/A",302020,rajasthan,Kalyan,(755) 456-8798,"#N/A","#N/A","#N/A","#N/A","#N/A",554544,"#N/A","#N/A","#N/A",(965) 325-6897,"#N/A","#N/A",Manwild
d56ca7f7-187a-4961-8902-22ae469ee0c7,5d89dc9b-c56c-487a-98bf-e574d65caaa1,"#N/A","#N/A",1946-06-20,Finance,"#N/A",ajames@uog.com,"#N/A",+44 191 4956620,Ashley,"#N/A","#N/A",English,James,Public Relations,Primary,"#N/A","#N/A","#N/A","#N/A","#N/A","#N/A","#N/A","Kings Park, 17th Avenue, Team Valley Trading Estate,
Gateshead, Tyne and Wear NE26 3HS
United Kingdom",+44 191 3456234,"#N/A","#N/A","#N/A","#N/A","#N/A","#N/A","#N/A","#N/A","#N/A",+44 191 4956203,"#N/A",Ms.,"VP, Finance"
de336a3b-9bfd-4970-adec-c3fcc7274fe2,70d4a5df-6e7b-433f-9bc9-00848556b467,"#N/A","#N/A",1955-12-30,Facilities,"#N/A",bond_john@grandhotels.com,"#N/A",(312) 596-1500,John,"#N/A","#N/A",English,Bond,External Referral,Primary,"#N/A","#N/A","#N/A","#N/A","#N/A","#N/A","#N/A","2334 N. Michigan Avenue, Suite 1500
Chicago, IL 60601, USA",(312) 596-1563,"#N/A","#N/A","#N/A","#N/A","#N/A","#N/A","#N/A","#N/A","#N/A",(312) 596-1000,"#N/A",Mr.,"VP, Facilities"
e67bffad-239d-4569-845e-68b70b0bccd6,b0684dd3-7fd8-48b6-b7f3-0e7af3fa0fbc,"#N/A","#N/A",1944-04-11,Administration,"#N/A",jane_gray@uoa.edu,"#N/A",(520) 773-9060,Jane,"#N/A","#N/A",English,Grey,Word of mouth,Primary,"#N/A","#N/A","#N/A","#N/A","#N/A","#N/A","#N/A","888 N Euclid 
Hallis Center, Room 501
Tucson, AZ 85721
United States",(520) 773-4539,"#N/A","#N/A","#N/A","#N/A","#N/A","#N/A","#N/A","#N/A","#N/A",(520) 773-9050,"#N/A",Ms.,Dean of Administration
